<Configuration>
<Add SourcePath="http://officecdn.microsoft.com/pr/5440FD1F-7ECB-4221-8110-145EFAA6372F" OfficeClientEdition="64" Channel="Insiders">
    <Product ID="VisioPro2019Retail">
      <Language ID="zh-CN" />
      <ExcludeApp ID="OneDrive" />
    </Product>
</Add>
<Display Level="Full" AcceptEULA="TRUE" />
<Updates Enabled="TRUE" Channel="Insiders" />
</Configuration>
<!--  OInstallSetting Branch=1  -->
<!--  OInstallSetting Office=0  -->
<!--  OInstallSetting Arch=0  -->
<!--  OInstallSetting Lang=0  -->
<!--  OInstallSetting Redact=2  -->
<!--  OInstallSetting Product=1  -->
<!--  OInstallSetting PATH=  -->
